[
    {
        "name":"sony",
        "price":"45.89",
        "description":"some very loooong description",
        "ratings":4.5,
        "images":[{
            "public_id":"products/",
            "url":"products/"
        }],
        "category":"Electronics",
        "seller":"Amazon",
        "stock":1,
        "numOfReviews":12,
        "reviews":[]
    },
    {
        "name":"netto",
        "price":"45.89",
        "description":"some very loooong description",
        "ratings":4.5,
        "images":[{
            "public_id":"products/",
            "url":"products/"
        }],
        "category":"Electronics",
        "seller":"Amazon",
        "stock":1,
        "numOfReviews":12,
        "reviews":[]
    },
    {
        "name":"apple",
        "price":"45.89",
        "description":"some very loooong description",
        "ratings":4.5,
        "images":[{
            "public_id":"products/",
            "url":"products/"
        }],
        "category":"Electronics",
        "seller":"Amazon",
        "stock":1,
        "numOfReviews":12,
        "reviews":[]
    },
    {
        "name":"nike",
        "price":"45.89",
        "description":"some very loooong description",
        "ratings":4.5,
        "images":[{
            "public_id":"products/",
            "url":"products/"
        }],
        "category":"Electronics",
        "seller":"Amazon",
        "stock":1,
        "numOfReviews":12,
        "reviews":[]
    }
]